#Inserción de data
USE empresa_trenes;
INSERT INTO provincias (id_provincia, nombre_provincia)
VALUES
(1, 'Buenos Aires'),
(2, 'Córdoba'),
(3, 'Santa Fe'),
(4, 'Mendoza'),
(5, 'Salta');

INSERT INTO ciudades (id_ciudad, id_provincia, nombre_ciudad) VALUES
(1, 1, 'Buenos Aires'),
(2, 1, 'La Plata'),
(3, 1, 'Mar del Plata'),
(4, 2, 'Córdoba'),
(5, 2, 'Villa Carlos Paz'),
(6, 2, 'Río Cuarto'),
(7, 3, 'Rosario'),
(8, 3, 'Santa Fe'),
(9, 3, 'Venado Tuerto'),
(10, 4, 'Mendoza'),
(11, 4, 'San Rafael'),
(12, 4, 'Tunuyán'),
(13, 5, 'San Miguel de Tucumán'),
(14, 5, 'Yerba Buena'),
(15, 5, 'Tafí Viejo');
 
INSERT INTO trenes (id_tren, marca, patente, capacidad)
VALUES
(1, 'Siemens', 'ABC 123', 100),
(2, 'Bombardier', 'DEF 456', 120),
(3, 'Alstom', 'GHI 789', 150),
(4, 'Hitachi', 'JKL 012', 120),
(5, 'Kawasaki', 'MNO 345', 130),
(6, 'Siemens', 'PQR 678', 110),
(7, 'Bombardier', 'STU 901', 120),
(8, 'Alstom', 'VWX 234', 150),
(9, 'Hitachi', 'YZA 567', 120),
(10, 'Kawasaki', 'BCD 890', 130),
(11, 'Siemens', 'EFG 123', 100),
(12, 'Bombardier', 'HIJ 456', 120),
(13, 'Alstom', 'KLM 789', 150),
(14, 'Hitachi', 'NOP 012', 120),
(15, 'Kawasaki', 'QRS 345', 130),
(16, 'Siemens', 'TUV 678', 110),
(17, 'Bombardier', 'WXY 901', 120),
(18, 'Alstom', 'ZAB 234', 150),
(19, 'Hitachi', 'CDE 567', 120),
(20, 'Kawasaki', 'FGH 890', 130),
(21, 'Siemens', 'IJK 123', 100),
(22, 'Bombardier', 'LMN 456', 120),
(23, 'Alstom', 'OPQ 789', 150),
(24, 'Hitachi', 'RST 012', 120),
(25, 'Kawasaki', 'UVW 345', 130),
(26, 'Siemens', 'XYZ 678', 110),
(27, 'Bombardier', 'ABC 901', 120),
(28, 'Alstom', 'DEF 234', 150),
(29, 'Hitachi', 'GHI 567', 120),
(30, 'Kawasaki', 'JKL 890', 130),
(31, 'Siemens', 'MNO 123', 100),
(32, 'Bombardier', 'PQR 456', 120),
(33, 'Alstom', 'STU 789', 150),
(34, 'Hitachi', 'VWX 012', 120),
(35, 'Kawasaki', 'YZA 345', 130),
(36, 'Siemens', 'BCD 678', 110),
(37, 'Bombardier', 'EFG 901', 120),
(38, 'Alstom', 'HIJ 234', 150),
(39, 'Hitachi', 'KLM 567', 120),
(40, 'Kawasaki', 'NOP 890', 130),
(41, 'Siemens', 'QRS 123', 100),
(42, 'Bombardier', 'TUV 456', 120),
(43, 'Alstom', 'WXY 789', 150),
(44, 'Hitachi', 'ZAB 012', 120),
(45, 'Kawasaki', 'CDE 345', 157),
(46, 'Renfe', 'FGH 678', 180),
(47, 'Alstom', 'IJK 901', 200),
(48, 'Hitachi', 'LMN 234', 250),
(49, 'Bombardier', 'OPQ 567', 300),
(50, 'Siemens', 'RST 890', 280);

INSERT INTO estaciones (id_estacion, id_ciudad, nombre_estacion) VALUES
(1, 1, 'Estación San Nicolás'),
(2, 1, 'Estación Palermo'),
(3, 2, 'Estación La Loma'),
(4, 2, 'Estación Centro'),
(5, 3, 'Estación San José'),
(6, 3, 'Estación Los Troncos'),
(7, 4, 'Estación Alta Córdoba'),
(8, 4, 'Estación Nueva Córdoba'),
(9, 5, 'Estación El Canal'),
(10, 5, 'Estación Villa del Lago'),
(11, 6, 'Estación Bellavista'),
(12, 6, 'Estación Alberdi'),
(13, 7, 'Estación Barrio Italia'),
(14, 7, 'Estación Pichincha'),
(15, 8, 'Estación Providencia '),
(16, 8, 'Estación Recreo '),
(17, 9, 'Estación Pedro de Valdivia Norte'),
(18, 9, 'Estación General Belgrano'),
(19, 10, 'Estación Cerro Alegre'),
(20, 10, 'Estación Dorrego'),
(21, 11, 'Estación Barrio Brasil'),
(22, 11, 'Estación Villa San Rafael'),
(23, 12, 'Estación Estadio '),
(24, 12, 'Estación Villa Seca'),
(25, 13, 'Estación Barrio Norte'),
(26, 13, 'Estación Yerba Buena'),
(27, 14, 'Estación La Herradura'),
(28, 14, 'Estación San José'),
(29, 15, 'Estación Tafí del Valle'),
(30, 15, 'Estación El Colmenar');

INSERT INTO rutas (id_ruta, id_estacion, nombre_ruta, partida_estacion, llegada_estacion) VALUES
(1, 1, 'Ruta A', 'Estación San Nicolás', 'Estación El Colmenar'),
(2, 2, 'Ruta B', 'Estación Palermo', 'Estación Tafí del Valle'),
(3, 3, 'Ruta C', 'Estación La Loma', 'Estación San José'),
(4, 4, 'Ruta D', 'Estación Centro', 'Estación La Herradura'),
(5, 5, 'Ruta E', 'Estación San José', 'Estación Yerba Buena'),
(6, 6, 'Ruta F', 'Estación Los Troncos', 'Estación Barrio Norte'),
(7, 7, 'Ruta G', 'Estación Alta Córdoba', 'Estación Villa Seca'),
(8, 8, 'Ruta H', 'Estación El Canal', 'Estación Estadio'),
(9, 9, 'Ruta I', 'Estación Villa del Lago', 'Estación Villa San Rafael'),
(10, 10, 'Ruta J', 'Estación Bellavista', 'Estación Barrio Brasil'),
(11, 11, 'Ruta K', 'Estación Alberdi', 'Estación Dorrego'),
(12, 12, 'Ruta L', 'Estación Barrio Italia', 'Estación Cerro Alegre'),
(13, 13, 'Ruta M', 'Estación Pichincha', 'Estación El Colmenar'),
(14, 14, 'Ruta N', 'Estación Providencia', 'Estación General Belgrano'),
(15, 15, 'Ruta O', 'Estación Recreo', 'Estación Pedro de Valdivia Norte'),
(16, 16, 'Ruta P', 'Estación San Nicolás', 'Estación Palermo'),
(17, 17, 'Ruta Q', 'Estación La Loma', 'Estación El Colmenar'),
(18, 18, 'Ruta R', 'Estación San Nicolás', 'Estación Centro'),
(19, 19, 'Ruta S', 'Estación San José', 'Estación Los Troncos'),
(20, 20, 'Ruta T', 'Estación Alta Córdoba', 'Estación Nueva Córdoba'),
(21, 21, 'Ruta U', 'Estación El Canal', 'Estación Villa del Lago'),
(22, 22, 'Ruta V', 'Estación Bellavista', 'Estación Alberdi'),
(23, 23, 'Ruta W', 'Estación Barrio Italia', 'Estación Pichincha'),
(24, 24, 'Ruta X', 'Estación Providencia', 'Estación Recreo'),
(25, 25, 'Ruta Y', 'Estación Pedro de Valdivia Norte', 'Estación General Belgrano'),
(26, 26, 'Ruta Z', 'Estación Cerro Alegre', 'Estación Dorrego'),
(27, 27, 'Ruta AA', 'Estación Barrio Brasil', 'Estación Villa San Rafael'),
(28, 28, 'Ruta AB', 'Estación Estadio', 'Estación Villa Seca'),
(29, 29,'Ruta AC', 'Estación Barrio Norte', 'Estación Yerba Buena'),
(30, 30,'Ruta AD', 'Estación La Herradura', 'Estación San José');




    


INSERT INTO empleados (id_empleado, id_estacion, nombre_empleado, apellido_empleado, cargo_empleado, salario_empleado, telefono_empleado, carga_horaria_semanal, fecha_contratacion) VALUES
  (1,1,"Rahim","Carroll","Director",110126,"454946343",42,"2020-02-20"),
  (2,1,"Heidi","Tyson","Técnico",130016,"713249373",48,"2015-03-30"),
  (3,1,"Geraldine","Black","Operador",141280,"395128571",44,"2014-10-05"),
  (4,2,"Ariana","Shannon","Mecánico",196557,"949627583",48,"2019-11-16"),
  (5,2,"Cherokee","Terrell","Operador",105209,"792557883",42,"2019-01-23"),
  (6,2,"Quynn","Burgess","Mecánico",125871,"632643992",47,"2018-08-31"),
  (7,3,"Burke","Oneal","Mecánico",135959,"928855638",46,"2018-03-03"),
  (8,3,"Flynn","Roberts","Operador",102111,"678573973",46,"2017-10-24"),
  (9,3,"Yuri","Kelly","Director",193225,"736532778",46,"2018-11-18"),
  (10,4,"Alana","Velez","Mecánico",161739,"232386639",44,"2015-06-11"),
  (11,4,"Jonas","Dickson","Técnico",174959,"277283722",41,"2021-12-19"),
  (12,4,"Nora","Gomez","Limpieza",189363,"276624187",43,"2015-03-15"),
  (13,5,"Arden","Riley","Operador",168135,"458286776",47,"2020-10-23"),
  (14,5,"Hillary","Wynn","Conductor",122280,"735486537",40,"2017-07-19"),
  (15,5,"Aquila","Carney","Técnico",131674,"584512348",44,"2015-12-05"),
  (16,6,"Bertha","Fitzgerald","Técnico",143486,"354367484",47,"2020-11-17"),
  (17,6,"Alexa","Jarvis","Operador",163408,"874886311",43,"2017-08-30"),
  (18,6,"Flynn","Benjamin","Director",165391,"888744391",41,"2019-06-19"),
  (19,7,"Claudia","Pope","Técnico",113491,"372256411",46,"2021-01-15"),
  (20,7,"Nichole","Hobbs","Conductor",101905,"136337567",44,"2015-08-08"),
  (21,7,"Veda","Ewing","Operador",152753,"264328234",50,"2020-12-09"),
  (22,8,"Joel","Shelton","Director",146128,"115697277",49,"2019-05-25"),
  (23,8,"Travis","Pierce","Técnico",118855,"756195645",43,"2015-08-06"),
  (24,8,"Dacey","Rios","Conductor",152991,"374623293",45,"2019-06-09"),
  (25,9,"Lydia","Chang","Mecánico",120957,"732494753",41,"2015-11-19"),
  (26,9,"Chaney","Kane","Director",172552,"426276632",40,"2022-09-12"),
  (27,9,"Zelenia","Wagner","Técnico",188963,"373317265",42,"2016-12-20"),
  (28,10,"Stephen","Gonzales","Operador",127869,"438588478",44,"2015-03-19"),
  (29,10,"Kevyn","Harding","Técnico",120219,"866455438",49,"2022-12-24"),
  (30,10,"Idola","Haley","Mecánico",141342,"856328448",46,"2017-05-18"),
  (31,11,"Stacy","Russell","Director",120304,"453871992",49,"2017-08-31"),
  (32,11,"Hedwig","Mejia","Técnico",129495,"342328398",45,"2017-07-15"),
  (33,11,"Dorian","Shannon","Mecánico",139716,"751414573",48,"2015-02-15"),
  (34,12,"Allen","Paul","Mecánico",136465,"338692462",49,"2018-07-18"),
  (35,12,"Cameran","Henry","Limpieza",106377,"126722723",40,"2014-05-19"),
  (36,12,"Maisie","Dunlap","Técnico",173214,"658226653",44,"2017-08-16"),
  (37,13,"Noah","Bird","Mecánico",166420,"377598965",40,"2021-04-10"),
  (38,13,"Dante","Palmer","Mecánico",197141,"366371164",46,"2014-11-28"),
  (39,13,"Ezra","Mcclain","Mecánico",161657,"576364255",42,"2018-12-31"),
  (40,14,"Axel","Ryan","Operador",199171,"328867322",50,"2021-04-11"),
  (41,14,"Davis","Black","Operador",146150,"824833888",43,"2020-05-13"),
  (42,14,"Chantale","Russo","Director",120418,"249485342",44,"2022-02-04"),
  (43,15,"Jack","Hess","Director",105241,"619146424",43,"2018-05-24"),
  (44,15,"Lawrence","French","Mecánico",136766,"782453864",46,"2019-01-25"),
  (45,15,"Sacha","Hart","Operador",150306,"646372433",45,"2014-12-26"),
  (46,16,"Cheyenne","Bradford","Técnico",141243,"881864457",48,"2019-08-08"),
  (47,16,"Xyla","Howe","Conductor",117597,"376585665",45,"2023-01-31"),
  (48,16,"Rafael","Romero","Limpieza",127752,"266833522",44,"2021-10-18"),
  (49,17,"Charde","Wong","Mecánico",138708,"366958699",45,"2022-03-23"),
  (50,17,"Emerson","Gilmore","Técnico",124069,"639875278",44,"2016-04-27"),
  (51,17,"Mia","Eaton","Director",139272,"677748187",46,"2016-02-20"),
  (52,18,"Orla","Cook","Director",152755,"233683664",48,"2020-12-07"),
  (53,18,"Vivien","Lara","Técnico",181532,"857966762",41,"2019-10-11"),
  (54,18,"Lars","Johns","Técnico",159829,"952939822",46,"2019-11-23"),
  (55,19,"Abel","Burton","Técnico",141941,"674666855",41,"2016-10-30"),
  (56,19,"Keane","Heath","Mecánico",107282,"819546692",49,"2018-10-24"),
  (57,19,"Rafael","Lyons","Mecánico",186872,"244578694",46,"2019-04-05"),
  (58,20,"Cathleen","Hardy","Limpieza",179037,"451722664",42,"2023-01-29"),
  (59,20,"Armando","Hall","Director",174320,"279863424",47,"2022-09-24"),
  (60,20,"Vance","Franco","Mecánico",100889,"518424463",49,"2018-08-17"),
  (61,21,"Sarah","Kinney","Técnico",134743,"887462244",46,"2022-04-15"),
  (62,21,"Leigh","Moody","Mecánico",187570,"298747976",43,"2020-04-24"),
  (63,21,"Quynn","Ortega","Mecánico",137466,"428924773",44,"2014-12-03"),
  (64,22,"Louis","Lamb","Mecánico",107311,"446122496",45,"2021-10-26"),
  (65,22,"Yoko","English","Mecánico",105795,"365568713",40,"2018-02-02"),
  (66,22,"Ryder","Garner","Mecánico",105863,"478379538",50,"2020-02-04"),
  (67,23,"Judah","Hull","Mecánico",125852,"333527572",43,"2018-10-09"),
  (68,23,"Fallon","Ware","Conductor",150373,"763578545",42,"2019-09-27"),
  (69,23,"Regina","Pacheco","Mecánico",163687,"464834722",44,"2016-06-16"),
  (70,24,"Halla","Duncan","Técnico",110243,"276993885",45,"2016-03-20"),
  (71,24,"Illana","Haley","Director",193287,"512616425",49,"2014-08-31"),
  (72,24,"Wyoming","Maldonado","Director",167839,"266743728",41,"2020-11-08"),
  (73,25,"Akeem","Madden","Operador",146207,"423186668",45,"2016-01-06"),
  (74,25,"Jasmine","Ewing","Limpieza",133790,"827184227",48,"2021-12-09"),
  (75,25,"Finn","Walter","Técnico",161141,"844587436",46,"2018-04-21"),
  (76,26,"Leroy","Woods","Mecánico",129913,"465617787",45,"2017-02-05"),
  (77,26,"Rudyard","Koch","Técnico",134974,"763935243",49,"2020-04-21"),
  (78,26,"Matthew","Wilkinson","Director",174054,"668639242",40,"2022-01-30"),
  (79,27,"Damian","Cummings","Director",191743,"635596276",45,"2020-10-29"),
  (80,27,"Bradley","Alvarado","Conductor",184637,"123875447",48,"2021-12-04"),
  (81,27,"Martina","Burke","Mecánico",196593,"226442934",44,"2019-08-25"),
  (82,28,"Amir","Pratt","Mecánico",183900,"353544766",47,"2016-09-30"),
  (83,28,"Maxwell","Greene","Operador",187342,"538161785",44,"2016-08-04"),
  (84,28,"Naida","Hatfield","Director",183959,"662126265",48,"2021-03-26"),
  (85,29,"Bruno","Franco","Director",107604,"957254346",46,"2019-11-28"),
  (86,29,"Pearl","Haynes","Operador",139274,"176748424",48,"2020-09-05"),
  (87,29,"Kato","Hines","Director",126123,"167472288",43,"2019-06-17"),
  (88,29,"Abra","Silva","Técnico",115164,"335847583",49,"2022-12-11"),
  (89,29,"Jelani","Vaughan","Director",119243,"426572537",42,"2022-06-13"),
  (90,29,"Kiara","Duke","Director",180683,"543366478",49,"2015-11-15"),
  (91,29,"Hayes","Goff","Conductor",117074,"891874546",46,"2022-09-25"),
  (92,29,"Baker","Stanton","Operador",155017,"696258439",48,"2018-02-09"),
  (93,29,"Lars","Townsend","Director",158553,"729526746",49,"2017-05-19"),
  (94,30,"Karyn","Harper","Mecánico",111016,"546839773",47,"2022-12-17"),
  (95,30,"Morgan","Mayer","Técnico",156223,"473579378",46,"2019-06-05"),
  (96,30,"Kiona","Hodge","Limpieza",182092,"727156654",42,"2014-04-26"),
  (97,30,"Juliet","Lyons","Operador",107031,"446368996",43,"2014-12-25"),
  (98,30,"Asher","Eaton","Operador",108701,"624984756",42,"2022-12-01"),
  (99,30,"Kirby","Russo","Director",159632,"726576639",49,"2016-12-26"),
  (100,30,"Fulton","Carney","Técnico",114210,"883772374",42,"2018-07-02");



INSERT INTO horarios (id_horario,partida_fecha_hora,llegada_fecha_hora)
VALUES
  (1,"2023-01-08 16:30:30","2022-02-23 06:30:42"),
  (2,"2023-02-10 22:38:07","2023-03-07 19:40:06"),
  (3,"2023-02-07 04:29:38","2023-03-21 11:04:07"),
  (4,"2023-01-14 18:48:15","2023-03-03 01:57:38"),
  (5,"2023-02-03 05:09:55","2023-03-24 11:48:55"),
  (6,"2023-02-10 10:21:22","2023-03-10 04:05:54"),
  (7,"2023-01-21 18:36:56","2023-02-28 18:18:53"),
  (8,"2023-01-08 03:41:07","2023-03-29 08:40:07"),
  (9,"2023-02-05 16:22:21","2023-03-26 16:11:59"),
  (10,"2023-02-23 09:42:47","2023-03-25 15:18:29"),
  (11,"2023-01-26 14:58:41","2023-03-03 06:31:39"),
  (12,"2023-02-01 04:30:46","2023-02-28 00:32:11"),
  (13,"2023-02-22 01:28:44","2023-03-05 17:29:51"),
  (14,"2023-01-09 01:05:14","2023-03-20 12:56:05"),
  (15,"2023-02-20 14:16:09","2023-03-29 02:46:54"),
  (16,"2023-01-25 09:59:48","2023-03-05 20:19:34"),
  (17,"2023-02-16 07:40:13","2023-03-02 20:02:09"),
  (18,"2023-02-20 09:26:08","2023-03-21 00:14:13"),
  (19,"2023-01-09 23:28:44","2023-03-25 07:47:48"),
  (20,"2023-01-12 02:29:57","2023-03-12 00:07:40"),
  (21,"2023-02-11 10:39:54","2023-03-03 22:25:44"),
  (22,"2023-02-10 22:53:17","2023-03-07 08:20:26"),
  (23,"2023-01-23 09:46:15","2023-03-02 01:18:15"),
  (24,"2023-01-19 23:52:56","2023-03-29 13:06:16"),
  (25,"2023-02-08 17:37:37","2023-02-28 13:44:11"),
  (26,"2023-01-15 06:23:01","2023-03-07 11:51:35"),
  (27,"2023-01-15 17:54:15","2023-03-23 15:05:03"),
  (28,"2023-01-02 04:23:51","2023-03-25 11:34:05"),
  (29,"2023-02-11 01:11:17","2023-03-02 12:27:34"),
  (30,"2023-02-17 21:54:18","2023-03-30 03:11:11"),
  (31,"2023-01-23 05:35:08","2023-03-16 19:33:27"),
  (32,"2023-02-18 22:55:26","2023-03-20 03:02:24"),
  (33,"2023-02-07 19:48:02","2023-03-16 10:55:56");
  

  
INSERT INTO pasajes (id_pasaje,id_horario,id_tren,id_ruta,fecha_compra_pasaje,retiro_boleteria,clase,asiento,puerta,precio_pasaje)
VALUES
  (1,1,1,1,"2024-02-18 ","Ap #438-2078 Donec Ave","Económica","M9",8,819),
  (2,1,1,1,"2023-07-15 ","198-3555 Nullam Rd.","Turista","S7",3,723),
  (3,1,2,1,"2022-08-12 ","718-178 Lorem St.","Turista","Y8",2,187),
  (4,2,2,2,"2022-12-03 ","Ap #891-2290 Phasellus Rd.","Turista","L4",2,236),
  (5,2,3,2,"2023-03-30 ","P.O. Box 518, 1985 Cras St.","Turista","F7",6,736),
  (6,2,3,2,"2023-05-21 ","383-400 Eu, St.","Turista","M2",4,820),
  (7,3,4,3,"2023-09-12 ","Ap #648-507 Interdum. St.","Turista","O1",6,238),
  (8,3,4,3,"2022-09-19 ","Ap #583-9497 Erat, Ave","Económica","D4",9,733),
  (9,3,5,3,"2023-05-21 ","607-6912 Dapibus Ave","Turista","M5",3,378),
  (10,4,5,4,"2022-07-05 ","P.O. Box 591, 5611 Et Ave","Turista","J2",9,781),
  (11,4,6,4,"2023-09-15 ","7329 Ac Avenue","Económica","I7",1,115),
  (12,4,6,4,"2023-11-11 ","Ap #628-9507 Sit Rd.","Económica","U3",7,492),
  (13,5,7,5,"2023-09-06 ","630-5104 Magna. Street","Turista","M7",6,625),
  (14,5,7,5,"2023-08-20 ","679-5639 Parturient Street","Económica","O6",9,807),
  (15,5,8,5,"2022-11-25 ","306 Parturient St.","Económica","E2",8,213),
  (16,6,8,6,"2023-07-21 ","4369 Sit Road","Económica","M7",10,159),
  (17,6,9,6,"2023-04-16 ","643-499 Facilisis, Rd.","Económica","T8",7,279),
  (18,6,9,6,"2023-08-27 ","Ap #668-8181 Sit Ave","Turista","L6",10,204),
  (19,7,10,7,"2022-12-31 ","P.O. Box 953, 7495 Donec Avenue","Turista","A4",2,907),
  (20,7,10,7,"2024-02-07 ","5223 Convallis Road","Económica","N8",5,859),
  (21,7,11,7,"2023-10-27 ","530-839 Ipsum Ave","Turista","V2",4,311),
  (22,8,11,8,"2023-07-29 ","8410 Velit Street","Económica","Z7",5,309),
  (23,8,12,8,"2023-06-02 ","1454 Morbi Avenue","Turista","U2",3,418),
  (24,8,12,8,"2023-08-01 ","634-563 Nulla Rd.","Turista","E9",3,344),
  (25,9,13,9,"2023-12-12 ","806-3894 Ultrices Road","Económica","M4",4,313),
  (26,9,13,9,"2022-06-13 ","573-9325 Diam St.","Económica","P8",6,109),
  (27,9,14,9,"2022-10-17 ","Ap #504-118 Tempus Rd.","Turista","K5",6,294),
  (28,10,14,10,"2022-04-18 ","573-4450 Nisi Road","Económica","Y7",9,429),
  (29,10,15,10,"2023-07-25 ","5187 Mattis Road","Económica","S4",9,474),
  (30,10,15,10,"2023-03-21 ","632-3939 Morbi Av.","Turista","H4",7,775),
  (31,11,16,11,"2022-09-13 ","Ap #865-5062 Donec Avenue","Turista","L7",5,106),
  (32,11,16,11,"2023-01-23 ","P.O. Box 184, 7898 Vitae Av.","Económica","E1",3,205),
  (33,11,17,11,"2023-07-28 ","P.O. Box 267, 539 Eu Street","Turista","M5",8,594),
  (34,12,17,12,"2022-12-13 ","Ap #857-2073 Metus St.","Turista","T6",5,443),
  (35,12,18,12,"2022-12-12 ","6321 Nonummy Road","Turista","J8",10,522),
  (36,12,18,12,"2023-08-29 ","335-5401 Donec Street","Turista","I3",9,364),
  (37,13,19,13,"2023-08-22 ","Ap #361-3834 Molestie Av.","Turista","P6",5,541),
  (38,13,19,13,"2022-04-07 ","Ap #750-2688 Montes, Av.","Económica","O8",7,926),
  (39,13,20,13,"2022-08-22 ","Ap #297-2402 Ac Av.","Turista","Y9",4,504),
  (40,14,20,14,"2022-05-13 ","Ap #860-5084 Et St.","Turista","R2",3,744),
  (41,14,21,14,"2022-05-02 ","604-3152 Ad Av.","Turista","K2",6,195),
  (42,14,21,14,"2023-11-14 ","Ap #424-6572 Nibh Ave","Turista","J7",10,402),
  (43,15,22,15,"2023-03-27 ","Ap #806-5582 Ut St.","Económica","X4",10,683),
  (44,15,22,15,"2023-10-06 ","Ap #115-5668 Integer Av.","Económica","S2",3,62),
  (45,15,23,15,"2022-11-15 ","P.O. Box 861, 3066 Dapibus Road","Turista","P1",6,752),
  (46,16,23,16,"2023-10-20 ","Ap #840-1552 Hendrerit St.","Turista","Q1",3,725),
  (47,16,24,16,"2022-09-28 ","Ap #916-9598 Fermentum Av.","Turista","B6",8,112),
  (48,16,24,16,"2024-02-14 ","856-5333 Sapien, Road","Turista","Y6",1,598),
  (49,17,25,17,"2023-05-20 ","Ap #721-8050 Ultricies Rd.","Económica","P8",3,604),
  (50,17,25,17,"2022-11-28 ","Ap #506-1421 Orci Avenue","Turista","R8",5,389),
  (51,17,26,17,"2022-05-22 ","335-2304 In Ave","Turista","E8",5,369),
  (52,18,26,18,"2022-12-28 ","175-457 Luctus Av.","Económica","E6",6,277),
  (53,18,27,18,"2022-07-02 ","306-1290 Iaculis Road","Económica","S6",5,621),
  (54,18,27,18,"2023-09-03 ","505-192 Iaculis Avenue","Económica","L6",6,627),
  (55,19,28,19,"2023-09-17 ","675 Scelerisque Ave","Económica","C8",1,545),
  (56,19,28,19,"2023-05-31 ","Ap #593-8337 In Street","Económica","R3",8,660),
  (57,19,29,19,"2023-07-14 ","Ap #780-9240 Dui Street","Turista","U6",8,876),
  (58,20,29,20,"2022-11-21 ","429 Curabitur Av.","Turista","Y7",8,468),
  (59,20,30,20,"2024-02-13 ","150-5631 Orci St.","Económica","L6",3,875),
  (60,20,30,20,"2022-11-14 ","Ap #943-3017 Laoreet Avenue","Turista","S3",8,861),
  (61,21,31,21,"2023-07-08 ","867-4999 Aliquam St.","Económica","I6",9,577),
  (62,21,31,21,"2023-10-25 ","Ap #549-7391 Ligula St.","Económica","O2",9,299),
  (63,21,32,21,"2023-12-15 ","Ap #311-238 In Rd.","Turista","M3",8,811),
  (64,22,32,22,"2022-09-30 ","Ap #621-2764 Faucibus. Street","Turista","X7",8,728),
  (65,22,33,22,"2022-06-09 ","P.O. Box 539, 8795 Quisque Avenue","Turista","M1",4,498),
  (66,22,33,22,"2023-11-27 ","743-1513 Arcu. Road","Turista","F6",4,131),
  (67,23,34,23,"2022-10-08 ","1418 Ultrices St.","Económica","C4",8,153),
  (68,23,34,23,"2022-06-21 ","Ap #131-3098 Vivamus St.","Turista","M7",9,772),
  (69,23,35,23,"2022-07-13 ","160-6832 Elementum Rd.","Turista","J5",4,813),
  (70,24,35,24,"2022-12-23 ","750 Sed Avenue","Económica","F8",5,148),
  (71,24,36,24,"2022-08-02 ","Ap #406-4292 Non, Rd.","Turista","M2",7,174),
  (72,24,36,24,"2023-01-15 ","9620 Nunc Rd.","Turista","Z4",8,64),
  (73,25,37,25,"2022-05-31 ","Ap #434-6722 Ac Av.","Turista","C8",9,141),
  (74,25,37,25,"2023-08-16 ","P.O. Box 144, 173 Ut Street","Turista","D9",3,957),
  (75,25,38,25,"2023-09-06 ","P.O. Box 108, 196 Hymenaeos. Ave","Turista","Q3",7,514),
  (76,26,38,26,"2024-01-19 ","Ap #350-861 Mi St.","Turista","L8",5,110),
  (77,26,39,26,"2022-04-19 ","463-592 Lobortis St.","Económica","U6",8,86),
  (78,26,39,26,"2022-08-07 ","9034 Ipsum. Rd.","Económica","B2",4,186),
  (79,27,40,27,"2023-12-27 ","562 Aliquam Ave","Turista","S3",4,572),
  (80,27,40,27,"2022-05-13 ","5698 At Av.","Turista","K1",4,610),
  (81,27,41,27,"2023-08-24 ","P.O. Box 290, 5807 Vel Road","Turista","E3",10,464),
  (82,28,41,27,"2022-06-20 ","Ap #537-8704 Dis Street","Turista","M6",3,908),
  (83,28,42,27,"2022-12-18 ","Ap #237-9745 Ultrices. Rd.","Turista","H5",4,191),
  (84,28,42,28,"2022-08-10 ","483-2908 Elementum, Road","Turista","K1",8,306),
  (85,29,43,28,"2023-02-07 ","P.O. Box 161, 7607 Velit. Rd.","Económica","H6",7,969),
  (86,29,43,28,"2024-02-13 ","284-7791 Velit. Street","Turista","N9",6,643),
  (87,29,44,28,"2022-04-09 ","Ap #910-3435 Lobortis Avenue","Económica","O4",4,695),
  (88,30,44,28,"2024-02-01 ","387-713 Vitae Av.","Turista","K9",6,167),
  (89,30,45,29,"2023-02-04 ","363-4418 Dapibus Street","Económica","K2",7,866),
  (90,30,45,29,"2023-09-07 ","264-5890 Duis St.","Económica","F3",5,216),
  (91,31,46,29,"2022-06-27 ","P.O. Box 742, 8733 In Street","Económica","F8",4,931),
  (92,31,46,29,"2022-04-30 ","399-5855 Iaculis Av.","Turista","E3",9,938),
  (93,31,47,29,"2023-11-02 ","629-867 Vel, Rd.","Turista","E3",6,615),
  (94,32,47,29,"2022-10-30 ","641-302 Vitae Ave","Económica","V7",2,834),
  (95,32,48,30,"2023-08-02 ","P.O. Box 574, 3940 Eget Rd.","Económica","W4",6,384),
  (96,32,48,30,"2023-03-02 ","P.O. Box 854, 3277 Sit St.","Económica","O8",1,345),
  (97,33,49,30,"2024-02-12 ","326-6170 Pellentesque St.","Económica","U5",6,297),
  (98,33,49,30,"2023-08-06 ","946-8572 Ligula St.","Turista","D6",8,898),
  (99,33,50,30,"2022-05-18 ","447-9146 Velit Avenue","Económica","X3",6,90),
  (100,33,50,30,"2023-05-02 ","4803 Elementum, Av.","Turista","R6",6,749);

INSERT INTO pasajeros (id_pasajero,id_pasaje_comprado,nombre_pasajero,apellido_pasajero,genero_pasajero,dni_pasajero,email_pasajero,telefono_pasajero,direccion_pasajero,fecha_nacimiento_pasajero)
VALUES
  (1,1,"Abra","Snider","Femenino",20700964,"cras.vehicula.aliquet@hotmail.edu","856386212","1049 Ante. Rd.","1960-02-24 "),
  (2,2,"Thomas","Peters","Femenino",36475345,"vel.arcu@protonmail.couk","787462486","936-8616 Pellentesque, Road","1986-01-08 "),
  (3,3,"Morgan","Hampton","Femenino",43169323,"amet.consectetuer@hotmail.net","363388771","Ap #420-9743 Ridiculus Rd.","1972-07-10 "),
  (4,4,"Tyler","Cote","Masculino",21030728,"sed.pharetra.felis@aol.ca","315852579","688-2420 Felis St.","1968-11-20 "),
  (5,5,"Colin","Casey","Femenino",41889274,"purus.in@google.com","343228882","367-8367 Mi Road","1949-05-22 "),
  (6,6,"Basil","Rodriquez","Femenino",18346699,"arcu.curabitur@protonmail.com","699688826","Ap #887-3007 Molestie St.","1994-06-11 "),
  (7,7,"Jamalia","Jefferson","Femenino",23739909,"gravida.mauris@protonmail.couk","936127349","P.O. Box 659, 348 Eros. St.","1968-05-30 "),
  (8,8,"Bethany","Phelps","Femenino",29747005,"pede.ac@google.edu","542282655","529-7136 Massa. Rd.","1942-02-13 "),
  (9,9,"Adria","Thomas","Masculino",16728087,"tempus.scelerisque.lorem@icloud.net","321953628","P.O. Box 879, 9609 Dictum Ave","1949-09-22 "),
  (10,10,"Lewis","Burgess","Masculino",32436075,"orci.sem@aol.couk","874763883","Ap #248-3926 Lorem. St.","1970-08-23 "),
  (11,11,"Kai","Sanchez","Masculino",42808249,"at@icloud.edu","572746162","3550 Posuere Rd.","2007-12-25 "),
  (12,12,"Colt","Ingram","Masculino",27805396,"diam.luctus@protonmail.org","438855355","5321 Duis St.","1967-08-02 "),
  (13,13,"Montana","Maddox","Masculino",21260399,"suspendisse.commodo@outlook.ca","478338885","P.O. Box 267, 9345 Mi Road","1989-09-20 "),
  (14,14,"Rebecca","Pope","Masculino",23847367,"sem.mollis.dui@aol.couk","822324264","7491 Adipiscing St.","1943-08-03 "),
  (15,15,"Constance","Foreman","Masculino",40230650,"tempus.eu@protonmail.ca","576773242","290-1743 Phasellus Street","1961-09-10 "),
  (16,16,"Mechelle","Young","Masculino",49707543,"nascetur@aol.net","777452668","Ap #755-8760 Hendrerit St.","1979-06-02 "),
  (17,17,"Noble","Cervantes","Masculino",10857435,"cras@icloud.net","625523584","862-4398 Est. St.","1947-12-20 "),
  (18,18,"Emmanuel","Peters","Masculino",17739796,"tempus.scelerisque.lorem@google.net","184732154","P.O. Box 344, 4414 Et, Road","1958-12-28 "),
  (19,19,"Sacha","Carpenter","Masculino",12811561,"gravida.sit@icloud.edu","462227623","P.O. Box 314, 4932 Adipiscing Street","2001-04-03 "),
  (20,20,"Ann","Sanford","Masculino",11707435,"nunc@yahoo.net","873162148","620-496 Sed Ave","1953-09-09 "),
  (21,21,"Honorato","Rivas","Masculino",10554905,"nunc@yahoo.couk","355718411","Ap #524-3426 Donec Rd.","1944-12-14 "),
  (22,22,"Nasim","Horn","Masculino",27642896,"facilisi.sed@aol.org","752842266","653-3785 Imperdiet Rd.","1940-06-15 "),
  (23,23,"Kasper","Sullivan","Masculino",23961922,"arcu.aliquam@icloud.com","688536354","6127 Aenean Avenue","1962-06-04 "),
  (24,24,"Oleg","Beard","Femenino",40582728,"curabitur@outlook.org","674392187","Ap #747-2819 Egestas. Avenue","1942-12-18 "),
  (25,25,"Brock","Baxter","Femenino",26548676,"auctor.ullamcorper@aol.couk","178144637","Ap #571-2230 Magna Ave","1982-08-17 "),
  (26,26,"Sandra","Ochoa","Femenino",42127544,"a.aliquet@aol.com","296213313","412-307 Malesuada St.","1971-05-17 "),
  (27,27,"Garrett","Keith","Masculino",14575704,"litora.torquent.per@google.net","523637887","2722 Malesuada Ave","1944-12-17 "),
  (28,28,"Emma","Kirby","Femenino",35127699,"lacus@icloud.org","254972813","Ap #236-5227 Nunc Avenue","1950-09-23 "),
  (29,29,"Vincent","Sullivan","Femenino",46564986,"erat.semper@hotmail.com","754184763","Ap #968-794 Eleifend, Road","1998-06-04 "),
  (30,30,"Regan","Boyd","Femenino",29652811,"mi.eleifend@hotmail.com","832232193","P.O. Box 982, 5073 Tristique Avenue","1944-01-15 "),
  (31,31,"Josephine","Ross","Femenino",10074838,"erat.volutpat@aol.com","214547337","2750 Dui Rd.","1980-12-27 "),
  (32,32,"Ocean","Meadows","Masculino",15298745,"commodo.ipsum.suspendisse@google.couk","464764542","P.O. Box 423, 9567 Velit. Road","1945-08-23 "),
  (33,33,"Anika","Holloway","Masculino",37703441,"semper.cursus@outlook.couk","423622232","P.O. Box 908, 5050 Nec Street","1971-11-08 "),
  (34,34,"Lawrence","Wolf","Femenino",18655036,"non.enim@icloud.edu","952385887","P.O. Box 169, 1488 Ante Rd.","1989-04-18 "),
  (35,35,"Jenette","Pittman","Masculino",17155016,"est.tempor.bibendum@icloud.edu","852559881","Ap #156-592 Vulputate, Road","1940-08-17 "),
  (36,36,"Harper","Hood","Masculino",10836983,"lectus.ante@google.couk","459174684","407-7113 Sem Avenue","1951-05-25 "),
  (37,37,"Jelani","Woodard","Masculino",15196033,"nostra.per@yahoo.org","433126595","3217 Ridiculus Road","1960-02-11 "),
  (38,38,"Xaviera","Shields","Masculino",42637248,"et@aol.edu","357358876","Ap #447-5329 Vitae Rd.","1982-01-08 "),
  (39,39,"Brandon","Perkins","Masculino",11911344,"semper.rutrum@icloud.com","388273648","104-7628 Nisi Av.","1943-02-23 "),
  (40,40,"Murphy","Skinner","Femenino",20871828,"faucibus@google.org","525582242","Ap #361-2155 Cum Street","1993-09-03 "),
  (41,41,"Kiayada","Sharpe","Femenino",12157956,"at.risus@google.couk","662386852","Ap #835-9912 Sagittis. Ave","1984-05-13 "),
  (42,42,"Patrick","Keith","Femenino",28458563,"ullamcorper@protonmail.edu","882287768","P.O. Box 945, 9048 Vestibulum Av.","1944-01-17 "),
  (43,43,"Seth","Summers","Masculino",30233140,"eu@yahoo.net","485435576","P.O. Box 575, 7686 Nostra, St.","1945-12-09 "),
  (44,44,"Simone","Salinas","Femenino",16811814,"morbi.quis@protonmail.couk","426694749","Ap #513-9217 Dolor Avenue","1953-07-13 "),
  (45,45,"Carl","Valenzuela","Masculino",33369561,"et.netus.et@hotmail.net","637351213","377-3511 Sem, Rd.","1953-01-12 "),
  (46,46,"Clinton","Potts","Masculino",28951811,"lorem.luctus@yahoo.com","458878784","Ap #263-6149 Egestas Ave","1992-09-15 "),
  (47,47,"Mannix","Brewer","Masculino",10829625,"ut.odio@icloud.edu","838199658","302-9319 Convallis Av.","1985-11-29 "),
  (48,48,"Jermaine","Clements","Femenino",12549412,"cubilia@aol.edu","488478241","467-8357 Et, Street","2003-07-15 "),
  (49,49,"Julian","Kinney","Femenino",49142337,"sagittis.augue.eu@hotmail.org","525336941","Ap #211-3864 Ut Street","2003-10-30 "),
  (50,50,"Cassandra","Hess","Masculino",27663186,"vel.lectus@yahoo.edu","542547356","307-7341 Nam Road","1993-08-08 "),
  (51,51,"Ashton","Noble","Masculino",23843426,"consectetuer.ipsum.nunc@yahoo.org","948218379","Ap #884-8605 Non Ave","1950-06-05 "),
  (52,52,"Reagan","Moore","Masculino",19896994,"in.magna@icloud.net","437355213","786-9618 Velit. St.","1974-07-13 "),
  (53,53,"Griffin","Lancaster","Femenino",30010075,"in.magna@yahoo.ca","523954638","235-3843 Sollicitudin St.","1991-07-25 "),
  (54,54,"Noah","Melendez","Femenino",22020459,"dignissim@icloud.edu","386723944","Ap #372-4062 Lobortis, Rd.","1960-12-08 "),
  (55,55,"Angelica","Barber","Femenino",28163761,"at.risus@hotmail.org","542783464","Ap #457-3877 Nec Av.","1965-04-22 "),
  (56,56,"Garrison","Villarreal","Femenino",25083009,"eu@yahoo.edu","466955574","P.O. Box 271, 9359 Lectus. Avenue","1941-05-13 "),
  (57,57,"Jamalia","Bernard","Femenino",18644143,"pede@google.org","956953973","146-4190 Nulla Rd.","1993-04-28 "),
  (58,58,"Elijah","Snyder","Femenino",47034901,"augue.malesuada@outlook.couk","732385227","P.O. Box 629, 5103 Ut Rd.","1982-09-09 "),
  (59,59,"Leandra","Hahn","Masculino",48929239,"phasellus@icloud.com","238566747","Ap #599-8519 Proin Rd.","1986-11-14 "),
  (60,60,"Sandra","Cummings","Masculino",34097150,"mus.aenean.eget@yahoo.net","136384784","957-4333 Nonummy Av.","1976-01-01 "),
  (61,61,"Rebekah","Lamb","Femenino",16200887,"amet.nulla@yahoo.couk","545374534","Ap #194-6777 Lacinia Avenue","1984-05-07 "),
  (62,62,"Jenna","Schwartz","Femenino",20790100,"a.felis.ullamcorper@yahoo.ca","479444337","Ap #846-1774 Suspendisse Rd.","1963-12-21 "),
  (63,63,"Tatyana","Dennis","Femenino",42732996,"luctus.aliquet.odio@google.net","162928895","510-9231 Ante Avenue","2007-07-19 "),
  (64,64,"Hilel","Avila","Masculino",32737155,"non.cursus@outlook.edu","617819968","Ap #129-755 Aliquam Ave","1952-02-27 "),
  (65,65,"Raya","Cortez","Femenino",41674364,"et.risus@google.ca","224878366","555-4806 Nulla Av.","1966-06-26 "),
  (66,66,"Doris","Gregory","Femenino",41200975,"sem.vitae@hotmail.edu","243818498","669-781 Dignissim Avenue","1984-10-20 "),
  (67,67,"Echo","Woodward","Femenino",34956420,"semper.auctor@google.net","148834657","Ap #383-2803 Torquent Ave","1982-09-26 "),
  (68,68,"Yael","Pope","Masculino",40206669,"eu@google.net","364548274","772-5427 Quisque Ave","1945-02-01 "),
  (69,69,"Kaitlin","Hyde","Masculino",24370489,"in.cursus@protonmail.com","576291539","Ap #353-2081 Mollis St.","1946-03-02 "),
  (70,70,"Odysseus","Montgomery","Masculino",13318456,"cursus@icloud.com","357294525","P.O. Box 123, 9207 Eros. Rd.","1962-07-04 "),
  (71,71,"Prescott","Welch","Masculino",28202978,"cum@yahoo.edu","614739261","124-8369 Magna, Street","1998-12-14 "),
  (72,72,"Garth","Wagner","Masculino",40644210,"metus.aenean.sed@protonmail.org","544546695","408-3531 A St.","1998-05-04 "),
  (73,73,"Vera","Hoover","Masculino",15170863,"ac.eleifend@yahoo.net","563441313","318-1487 Fringilla Av.","1990-02-12 "),
  (74,74,"Rahim","Hamilton","Femenino",21376537,"elementum.lorem@google.com","388686324","869-3985 Convallis Ave","1990-08-06 "),
  (75,75,"Clementine","Pickett","Femenino",12058045,"pede@icloud.edu","122435283","3782 Et St.","1965-12-31 "),
  (76,76,"Ivory","Oneal","Masculino",12108709,"ligula.donec@outlook.edu","587461398","121-1242 Sed Av.","1995-08-10 "),
  (77,77,"Rylee","Higgins","Femenino",22305299,"at.pretium@icloud.ca","444567851","8222 Massa St.","2004-05-21 "),
  (78,78,"Ciaran","Flores","Masculino",16952159,"ac.mattis@google.ca","233249425","Ap #892-4061 Diam. St.","1958-10-31 "),
  (79,79,"Nell","Baxter","Masculino",29779354,"ipsum.cursus@icloud.net","228676448","977-287 Eleifend St.","1991-02-20 "),
  (80,80,"Solomon","Gilliam","Masculino",45441035,"leo@yahoo.couk","593655749","761-7032 Luctus Ave","1955-05-12 "),
  (81,81,"Walker","Warren","Femenino",47819011,"enim.commodo@hotmail.couk","298848219","951-625 Auctor St.","1995-05-22 "),
  (82,82,"Nomlanga","Holman","Femenino",29401085,"ut.erat@protonmail.net","444112863","P.O. Box 996, 3959 Dictum. St.","1998-09-23 "),
  (83,83,"Barrett","Hess","Femenino",43762056,"elit.pharetra.ut@google.net","491238818","Ap #808-1840 Molestie St.","1993-07-14 "),
  (84,84,"Daquan","Walsh","Femenino",16659148,"mollis.vitae@outlook.com","545355671","865-2749 Et St.","1957-11-04 "),
  (85,85,"Wayne","Aguirre","Femenino",40011717,"non.massa@icloud.com","426858355","838-9363 Orci Road","1948-09-07 "),
  (86,86,"Grady","Solis","Masculino",49021526,"nascetur.ridiculus@google.ca","723597176","P.O. Box 943, 5236 Mattis Ave","1969-05-27 "),
  (87,87,"Erica","Mcintosh","Femenino",32486466,"viverra@aol.net","719876123","1277 Aliquet. Rd.","1981-04-18 "),
  (88,88,"Beverly","Cabrera","Masculino",46235350,"arcu@protonmail.ca","824597992","782-7953 Lorem St.","1968-10-30 "),
  (89,89,"Germane","Robinson","Femenino",42872966,"fringilla.porttitor@protonmail.edu","363753535","P.O. Box 674, 7740 Neque Rd.","1984-08-08 "),
  (90,90,"Zorita","Oliver","Masculino",26770017,"luctus.vulputate.nisi@protonmail.ca","851563546","Ap #254-4623 Dolor Rd.","1989-12-23 "),
  (91,91,"Simon","Harrison","Masculino",10727457,"ac.orci@yahoo.edu","922467744","9736 Facilisis Av.","2003-09-05 "),
  (92,92,"Azalia","Brooks","Masculino",10762341,"massa.vestibulum@protonmail.net","547591928","7113 Urna. Av.","1986-07-08 "),
  (93,93,"Lael","Mcneil","Masculino",12058344,"amet.faucibus.ut@aol.net","592935524","515 Vel, Ave","1974-12-09 "),
  (94,94,"Wilma","Blackburn","Femenino",40497931,"arcu.vel@protonmail.couk","472725243","Ap #526-3490 Blandit St.","1944-08-26 "),
  (95,95,"Diana","Murphy","Femenino",39268982,"nibh.sit@icloud.ca","466721916","6380 Odio St.","2004-01-07 "),
  (96,96,"Brynne","Gardner","Femenino",13887650,"malesuada.id.erat@hotmail.couk","947852238","P.O. Box 349, 859 Nunc St.","1962-08-16 "),
  (97,97,"Talon","Valenzuela","Femenino",20810356,"mauris.integer.sem@yahoo.ca","619162977","756-8194 Eleifend Rd.","1946-06-20 "),
  (98,98,"Keith","Chavez","Femenino",44800875,"eget.magna.suspendisse@outlook.ca","167513899","768-2548 Id, Street","1961-08-29 "),
  (99,99,"Holly","Russo","Masculino",34954615,"nostra.per.inceptos@hotmail.ca","585553992","Ap #968-2826 Gravida Rd.","1973-07-30 "),
  (100,100,"Rebecca","Salazar","Masculino",44233616,"adipiscing.elit.aliquam@yahoo.edu","345738885","859-583 Turpis St.","1943-12-16 ");

INSERT INTO opiniones_pasajeros (id_opinion,id_pasajero,opinion_texto,opinion_puntuacion)
VALUES
  (1,1,"luctus lobortis. Class aptent taciti sociosqu ad litora torquent per conubia nostra, per inceptos hymenaeos. Mauris ut quam vel sapien imperdiet ornare. In faucibus. Morbi vehicula. Pellentesque tincidunt tempus risus. Donec egestas. Duis ac arcu. Nunc mauris. Morbi non sapien molestie orci tincidunt adipiscing. Mauris molestie pharetra nibh. Aliquam ornare,",2),
  (2,2,"urna suscipit nonummy. Fusce fermentum fermentum arcu. Vestibulum ante ipsum primis in faucibus orci luctus et ultrices posuere cubilia Curae Phasellus ornare. Fusce mollis. Duis sit amet diam eu dolor egestas rhoncus. Proin nisl sem, consequat nec, mollis vitae, posuere at, velit. Cras lorem lorem, luctus ut, pellentesque eget, dictum",1),
  (3,3,"molestie in, tempus eu, ligula. Aenean euismod mauris eu elit. Nulla facilisi. Sed neque. Sed eget lacus. Mauris non dui nec urna suscipit nonummy. Fusce fermentum fermentum arcu. Vestibulum ante ipsum primis in faucibus orci luctus et ultrices posuere cubilia Curae Phasellus ornare. Fusce mollis. Duis sit amet diam eu",7),
  (4,4,"mi tempor lorem, eget mollis lectus pede et risus. Quisque libero lacus, varius et, euismod et, commodo at, libero. Morbi accumsan laoreet ipsum. Curabitur consequat, lectus sit amet luctus vulputate, nisi sem semper erat, in consectetuer ipsum nunc id enim. Curabitur massa. Vestibulum accumsan neque et nunc. Quisque ornare tortor",3),
  (5,5,"neque. Nullam ut nisi a odio semper cursus. Integer mollis. Integer tincidunt aliquam arcu. Aliquam ultrices iaculis odio. Nam interdum enim non nisi. Aenean eget metus. In nec orci. Donec nibh. Quisque nonummy ipsum non arcu. Vivamus sit amet risus. Donec egestas. Aliquam nec enim. Nunc ut erat. Sed nunc",2),
  (6,6,"vitae nibh. Donec est mauris, rhoncus id, mollis nec, cursus a, enim. Suspendisse aliquet, sem ut cursus luctus, ipsum leo elementum sem, vitae aliquam eros turpis non enim. Mauris quis turpis vitae purus gravida sagittis. Duis gravida. Praesent eu nulla at sem molestie sodales. Mauris blandit enim consequat purus. Maecenas",7),
  (7,7,"rutrum eu, ultrices sit amet, risus. Donec nibh enim, gravida sit amet, dapibus id, blandit at, nisi. Cum sociis natoque penatibus et magnis dis parturient montes, nascetur ridiculus mus. Proin vel nisl. Quisque fringilla euismod enim. Etiam gravida molestie arcu. Sed eu nibh vulputate mauris sagittis placerat. Cras dictum ultricies",4),
  (8,8,"auctor velit. Aliquam nisl. Nulla eu neque pellentesque massa lobortis ultrices. Vivamus rhoncus. Donec est. Nunc ullamcorper, velit in aliquet lobortis, nisi nibh lacinia orci, consectetuer euismod est arcu ac orci. Ut semper pretium neque. Morbi quis urna. Nunc quis arcu vel quam dignissim pharetra. Nam ac nulla. In tincidunt",1),
  (9,9,"nunc sed libero. Proin sed turpis nec mauris blandit mattis. Cras eget nisi dictum augue malesuada malesuada. Integer id magna et ipsum cursus vestibulum. Mauris magna. Duis dignissim tempor arcu. Vestibulum ut eros non enim commodo hendrerit. Donec porttitor tellus non magna. Nam ligula elit, pretium et, rutrum non, hendrerit",2),
  (10,10,"venenatis lacus. Etiam bibendum fermentum metus. Aenean sed pede nec ante blandit viverra. Donec tempus, lorem fringilla ornare placerat, orci lacus vestibulum lorem, sit amet ultricies sem magna nec quam. Curabitur vel lectus. Cum sociis natoque penatibus et magnis dis parturient montes, nascetur ridiculus mus. Donec dignissim magna a tortor.",9),
  (11,11,"turpis. In condimentum. Donec at arcu. Vestibulum ante ipsum primis in faucibus orci luctus et ultrices posuere cubilia Curae Donec tincidunt. Donec vitae erat vel pede blandit congue. In scelerisque scelerisque dui. Suspendisse ac metus vitae velit egestas lacinia. Sed congue, elit sed consequat auctor, nunc nulla vulputate dui, nec",9),
  (12,12,"rutrum eu, ultrices sit amet, risus. Donec nibh enim, gravida sit amet, dapibus id, blandit at, nisi. Cum sociis natoque penatibus et magnis dis parturient montes, nascetur ridiculus mus. Proin vel nisl. Quisque fringilla euismod enim. Etiam gravida molestie arcu. Sed eu nibh vulputate mauris sagittis placerat. Cras dictum ultricies",7),
  (13,13,"metus eu erat semper rutrum. Fusce dolor quam, elementum at, egestas a, scelerisque sed, sapien. Nunc pulvinar arcu et pede. Nunc sed orci lobortis augue scelerisque mollis. Phasellus libero mauris, aliquam eu, accumsan sed, facilisis vitae, orci. Phasellus dapibus quam quis diam. Pellentesque habitant morbi tristique senectus et netus et",7),
  (14,14,"tellus eu augue porttitor interdum. Sed auctor odio a purus. Duis elementum, dui quis accumsan convallis, ante lectus convallis est, vitae sodales nisi magna sed dui. Fusce aliquam, enim nec tempus scelerisque, lorem ipsum sodales purus, in molestie tortor nibh sit amet orci. Ut sagittis lobortis mauris. Suspendisse aliquet molestie",6),
  (15,15,"ac nulla. In tincidunt congue turpis. In condimentum. Donec at arcu. Vestibulum ante ipsum primis in faucibus orci luctus et ultrices posuere cubilia Curae Donec tincidunt. Donec vitae erat vel pede blandit congue. In scelerisque scelerisque dui. Suspendisse ac metus vitae velit egestas lacinia. Sed congue, elit sed consequat auctor,",1),
  (16,16,"convallis convallis dolor. Quisque tincidunt pede ac urna. Ut tincidunt vehicula risus. Nulla eget metus eu erat semper rutrum. Fusce dolor quam, elementum at, egestas a, scelerisque sed, sapien. Nunc pulvinar arcu et pede. Nunc sed orci lobortis augue scelerisque mollis. Phasellus libero mauris, aliquam eu, accumsan sed, facilisis vitae,",6),
  (17,17,"pede, malesuada vel, venenatis vel, faucibus id, libero. Donec consectetuer mauris id sapien. Cras dolor dolor, tempus non, lacinia at, iaculis quis, pede. Praesent eu dui. Cum sociis natoque penatibus et magnis dis parturient montes, nascetur ridiculus mus. Aenean eget magna. Suspendisse tristique neque venenatis lacus. Etiam bibendum fermentum metus.",1),
  (18,18,"vel, convallis in, cursus et, eros. Proin ultrices. Duis volutpat nunc sit amet metus. Aliquam erat volutpat. Nulla facilisis. Suspendisse commodo tincidunt nibh. Phasellus nulla. Integer vulputate, risus a ultricies adipiscing, enim mi tempor lorem, eget mollis lectus pede et risus. Quisque libero lacus, varius et, euismod et, commodo at,",3),
  (19,19,"ornare lectus justo eu arcu. Morbi sit amet massa. Quisque porttitor eros nec tellus. Nunc lectus pede, ultrices a, auctor non, feugiat nec, diam. Duis mi enim, condimentum eget, volutpat ornare, facilisis eget, ipsum. Donec sollicitudin adipiscing ligula. Aenean gravida nunc sed pede. Cum sociis natoque penatibus et magnis dis",4),
  (20,20,"erat. Etiam vestibulum massa rutrum magna. Cras convallis convallis dolor. Quisque tincidunt pede ac urna. Ut tincidunt vehicula risus. Nulla eget metus eu erat semper rutrum. Fusce dolor quam, elementum at, egestas a, scelerisque sed, sapien. Nunc pulvinar arcu et pede. Nunc sed orci lobortis augue scelerisque mollis. Phasellus libero",4),
  (21,21,"dictum sapien. Aenean massa. Integer vitae nibh. Donec est mauris, rhoncus id, mollis nec, cursus a, enim. Suspendisse aliquet, sem ut cursus luctus, ipsum leo elementum sem, vitae aliquam eros turpis non enim. Mauris quis turpis vitae purus gravida sagittis. Duis gravida. Praesent eu nulla at sem molestie sodales. Mauris",5),
  (22,22,"ipsum dolor sit amet, consectetuer adipiscing elit. Etiam laoreet, libero et tristique pellentesque, tellus sem mollis dui, in sodales elit erat vitae risus. Duis a mi fringilla mi lacinia mattis. Integer eu lacus. Quisque imperdiet, erat nonummy ultricies ornare, elit elit fermentum risus, at fringilla purus mauris a nunc. In",5),
  (23,23,"malesuada augue ut lacus. Nulla tincidunt, neque vitae semper egestas, urna justo faucibus lectus, a sollicitudin orci sem eget massa. Suspendisse eleifend. Cras sed leo. Cras vehicula aliquet libero. Integer in magna. Phasellus dolor elit, pellentesque a, facilisis non, bibendum sed, est. Nunc laoreet lectus quis massa. Mauris vestibulum, neque",2),
  (24,24,"Donec egestas. Aliquam nec enim. Nunc ut erat. Sed nunc est, mollis non, cursus non, egestas a, dui. Cras pellentesque. Sed dictum. Proin eget odio. Aliquam vulputate ullamcorper magna. Sed eu eros. Nam consequat dolor vitae dolor. Donec fringilla. Donec feugiat metus sit amet ante. Vivamus non lorem vitae odio",4),
  (25,25,"nunc id enim. Curabitur massa. Vestibulum accumsan neque et nunc. Quisque ornare tortor at risus. Nunc ac sem ut dolor dapibus gravida. Aliquam tincidunt, nunc ac mattis ornare, lectus ante dictum mi, ac mattis velit justo nec ante. Maecenas mi felis, adipiscing fringilla, porttitor vulputate, posuere vulputate, lacus. Cras interdum.",2);


INSERT INTO reporte_accidentes_trenes (id_accidente_tren,id_tren,id_ruta,accidente_descripcion,accidente_fecha_hora)
VALUES
  (1,1,1,"In nec orci. Donec nibh. Quisque nonummy ipsum non arcu. Vivamus sit amet risus. Donec egestas. Aliquam nec enim. Nunc ut erat. Sed nunc est, mollis non, cursus non, egestas a, dui. Cras pellentesque. Sed dictum. Proin eget odio. Aliquam vulputate ullamcorper magna. Sed eu eros. Nam consequat dolor vitae","2022-02-09 16:50:30"),
  (2,2,2,"ut quam vel sapien imperdiet ornare. In faucibus. Morbi vehicula. Pellentesque tincidunt tempus risus. Donec egestas. Duis ac arcu. Nunc mauris. Morbi non sapien molestie orci tincidunt adipiscing. Mauris molestie pharetra nibh. Aliquam ornare, libero at auctor ullamcorper, nisl arcu iaculis enim, sit amet ornare lectus justo eu arcu. Morbi","2023-10-24 23:03:33"),
  (3,3,3,"erat. Etiam vestibulum massa rutrum magna. Cras convallis convallis dolor. Quisque tincidunt pede ac urna. Ut tincidunt vehicula risus. Nulla eget metus eu erat semper rutrum. Fusce dolor quam, elementum at, egestas a, scelerisque sed, sapien. Nunc pulvinar arcu et pede. Nunc sed orci lobortis augue scelerisque mollis. Phasellus libero","2023-09-28 11:05:30"),
  (4,4,4,"arcu. Vestibulum ante ipsum primis in faucibus orci luctus et ultrices posuere cubilia Curae Donec tincidunt. Donec vitae erat vel pede blandit congue. In scelerisque scelerisque dui. Suspendisse ac metus vitae velit egestas lacinia. Sed congue, elit sed consequat auctor, nunc nulla vulputate dui, nec tempus mauris erat eget ipsum.","2022-02-28 20:11:12"),
  (5,5,5,"euismod et, commodo at, libero. Morbi accumsan laoreet ipsum. Curabitur consequat, lectus sit amet luctus vulputate, nisi sem semper erat, in consectetuer ipsum nunc id enim. Curabitur massa. Vestibulum accumsan neque et nunc. Quisque ornare tortor at risus. Nunc ac sem ut dolor dapibus gravida. Aliquam tincidunt, nunc ac mattis","2023-07-03 16:50:45"),
  (6,6,6,"Aliquam nec enim. Nunc ut erat. Sed nunc est, mollis non, cursus non, egestas a, dui. Cras pellentesque. Sed dictum. Proin eget odio. Aliquam vulputate ullamcorper magna. Sed eu eros. Nam consequat dolor vitae dolor. Donec fringilla. Donec feugiat metus sit amet ante. Vivamus non lorem vitae odio sagittis semper.","2022-10-21 23:25:34"),
  (7,7,7,"ac facilisis facilisis, magna tellus faucibus leo, in lobortis tellus justo sit amet nulla. Donec non justo. Proin non massa non ante bibendum ullamcorper. Duis cursus, diam at pretium aliquet, metus urna convallis erat, eget tincidunt dui augue eu tellus. Phasellus elit pede, malesuada vel, venenatis vel, faucibus id, libero.","2022-07-02 21:36:57"),
  (8,8,8,"cursus. Nunc mauris elit, dictum eu, eleifend nec, malesuada ut, sem. Nulla interdum. Curabitur dictum. Phasellus in felis. Nulla tempor augue ac ipsum. Phasellus vitae mauris sit amet lorem semper auctor. Mauris vel turpis. Aliquam adipiscing lobortis risus. In mi pede, nonummy ut, molestie in, tempus eu, ligula. Aenean euismod","2023-10-20 19:21:15"),
  (9,9,9,"iaculis nec, eleifend non, dapibus rutrum, justo. Praesent luctus. Curabitur egestas nunc sed libero. Proin sed turpis nec mauris blandit mattis. Cras eget nisi dictum augue malesuada malesuada. Integer id magna et ipsum cursus vestibulum. Mauris magna. Duis dignissim tempor arcu. Vestibulum ut eros non enim commodo hendrerit. Donec porttitor","2023-04-23 22:31:25"),
  (10,10,10,"aliquet. Phasellus fermentum convallis ligula. Donec luctus aliquet odio. Etiam ligula tortor, dictum eu, placerat eget, venenatis a, magna. Lorem ipsum dolor sit amet, consectetuer adipiscing elit. Etiam laoreet, libero et tristique pellentesque, tellus sem mollis dui, in sodales elit erat vitae risus. Duis a mi fringilla mi lacinia mattis.","2022-08-25 16:22:33"),
  (11,11,11,"Quisque porttitor eros nec tellus. Nunc lectus pede, ultrices a, auctor non, feugiat nec, diam. Duis mi enim, condimentum eget, volutpat ornare, facilisis eget, ipsum. Donec sollicitudin adipiscing ligula. Aenean gravida nunc sed pede. Cum sociis natoque penatibus et magnis dis parturient montes, nascetur ridiculus mus. Proin vel arcu eu","2022-03-03 19:21:18"),
  (12,12,12,"eu dolor egestas rhoncus. Proin nisl sem, consequat nec, mollis vitae, posuere at, velit. Cras lorem lorem, luctus ut, pellentesque eget, dictum placerat, augue. Sed molestie. Sed id risus quis diam luctus lobortis. Class aptent taciti sociosqu ad litora torquent per conubia nostra, per inceptos hymenaeos. Mauris ut quam vel","2023-07-21 08:43:50"),
  (13,13,13,"amet luctus vulputate, nisi sem semper erat, in consectetuer ipsum nunc id enim. Curabitur massa. Vestibulum accumsan neque et nunc. Quisque ornare tortor at risus. Nunc ac sem ut dolor dapibus gravida. Aliquam tincidunt, nunc ac mattis ornare, lectus ante dictum mi, ac mattis velit justo nec ante. Maecenas mi","2022-09-22 03:04:04"),
  (14,14,14,"malesuada vel, venenatis vel, faucibus id, libero. Donec consectetuer mauris id sapien. Cras dolor dolor, tempus non, lacinia at, iaculis quis, pede. Praesent eu dui. Cum sociis natoque penatibus et magnis dis parturient montes, nascetur ridiculus mus. Aenean eget magna. Suspendisse tristique neque venenatis lacus. Etiam bibendum fermentum metus. Aenean","2023-07-19 17:30:23"),
  (15,15,15,"lobortis. Class aptent taciti sociosqu ad litora torquent per conubia nostra, per inceptos hymenaeos. Mauris ut quam vel sapien imperdiet ornare. In faucibus. Morbi vehicula. Pellentesque tincidunt tempus risus. Donec egestas. Duis ac arcu. Nunc mauris. Morbi non sapien molestie orci tincidunt adipiscing. Mauris molestie pharetra nibh. Aliquam ornare, libero","2023-03-01 04:01:54"),
  (16,11,16,"neque vitae semper egestas, urna justo faucibus lectus, a sollicitudin orci sem eget massa. Suspendisse eleifend. Cras sed leo. Cras vehicula aliquet libero. Integer in magna. Phasellus dolor elit, pellentesque a, facilisis non, bibendum sed, est. Nunc laoreet lectus quis massa. Mauris vestibulum, neque sed dictum eleifend, nunc risus varius","2022-04-24 04:04:43"),
  (17,10,17,"sit amet, dapibus id, blandit at, nisi. Cum sociis natoque penatibus et magnis dis parturient montes, nascetur ridiculus mus. Proin vel nisl. Quisque fringilla euismod enim. Etiam gravida molestie arcu. Sed eu nibh vulputate mauris sagittis placerat. Cras dictum ultricies ligula. Nullam enim. Sed nulla ante, iaculis nec, eleifend non,","2022-10-24 07:00:02"),
  (18,1,18,"lectus pede, ultrices a, auctor non, feugiat nec, diam. Duis mi enim, condimentum eget, volutpat ornare, facilisis eget, ipsum. Donec sollicitudin adipiscing ligula. Aenean gravida nunc sed pede. Cum sociis natoque penatibus et magnis dis parturient montes, nascetur ridiculus mus. Proin vel arcu eu odio tristique pharetra. Quisque ac libero","2023-12-22 20:17:50"),
  (19,9,19,"ultrices posuere cubilia Curae Donec tincidunt. Donec vitae erat vel pede blandit congue. In scelerisque scelerisque dui. Suspendisse ac metus vitae velit egestas lacinia. Sed congue, elit sed consequat auctor, nunc nulla vulputate dui, nec tempus mauris erat eget ipsum. Suspendisse sagittis. Nullam vitae diam. Proin dolor. Nulla semper tellus","2023-10-24 06:06:21"),
  (20,2,2,"Morbi metus. Vivamus euismod urna. Nullam lobortis quam a felis ullamcorper viverra. Maecenas iaculis aliquet diam. Sed diam lorem, auctor quis, tristique ac, eleifend vitae, erat. Vivamus nisi. Mauris nulla. Integer urna. Vivamus molestie dapibus ligula. Aliquam erat volutpat. Nulla dignissim. Maecenas ornare egestas ligula. Nullam feugiat placerat velit. Quisque","2022-05-01 02:25:23"),
  (21,1,21,"Donec porttitor tellus non magna. Nam ligula elit, pretium et, rutrum non, hendrerit id, ante. Nunc mauris sapien, cursus in, hendrerit consectetuer, cursus et, magna. Praesent interdum ligula eu enim. Etiam imperdiet dictum magna. Ut tincidunt orci quis lectus. Nullam suscipit, est ac facilisis facilisis, magna tellus faucibus leo, in","2023-09-19 02:10:25"),
  (22,12,2,"semper cursus. Integer mollis. Integer tincidunt aliquam arcu. Aliquam ultrices iaculis odio. Nam interdum enim non nisi. Aenean eget metus. In nec orci. Donec nibh. Quisque nonummy ipsum non arcu. Vivamus sit amet risus. Donec egestas. Aliquam nec enim. Nunc ut erat. Sed nunc est, mollis non, cursus non, egestas","2023-04-27 09:48:45"),
  (23,3,13,"non, egestas a, dui. Cras pellentesque. Sed dictum. Proin eget odio. Aliquam vulputate ullamcorper magna. Sed eu eros. Nam consequat dolor vitae dolor. Donec fringilla. Donec feugiat metus sit amet ante. Vivamus non lorem vitae odio sagittis semper. Nam tempor diam dictum sapien. Aenean massa. Integer vitae nibh. Donec est","2024-01-07 21:50:28"),
  (24,4,14,"pretium et, rutrum non, hendrerit id, ante. Nunc mauris sapien, cursus in, hendrerit consectetuer, cursus et, magna. Praesent interdum ligula eu enim. Etiam imperdiet dictum magna. Ut tincidunt orci quis lectus. Nullam suscipit, est ac facilisis facilisis, magna tellus faucibus leo, in lobortis tellus justo sit amet nulla. Donec non","2023-04-04 23:33:36"),
  (25,5,15,"congue a, aliquet vel, vulputate eu, odio. Phasellus at augue id ante dictum cursus. Nunc mauris elit, dictum eu, eleifend nec, malesuada ut, sem. Nulla interdum. Curabitur dictum. Phasellus in felis. Nulla tempor augue ac ipsum. Phasellus vitae mauris sit amet lorem semper auctor. Mauris vel turpis. Aliquam adipiscing lobortis","2023-08-06 12:21:45");

INSERT INTO reporte_accidentes_estaciones (id_accidente_estacion,id_estacion,accidente_descripcion,accidente_fecha_hora )
VALUES
  (1,1,"et, eros. Proin ultrices. Duis volutpat nunc sit amet metus. Aliquam erat volutpat. Nulla facilisis. Suspendisse commodo tincidunt nibh. Phasellus nulla. Integer vulputate, risus a ultricies adipiscing, enim mi tempor lorem, eget mollis lectus pede et risus. Quisque libero lacus, varius et, euismod et, commodo at, libero. Morbi accumsan laoreet","2023-12-26 12:17:53"),
  (2,2,"in sodales elit erat vitae risus. Duis a mi fringilla mi lacinia mattis. Integer eu lacus. Quisque imperdiet, erat nonummy ultricies ornare, elit elit fermentum risus, at fringilla purus mauris a nunc. In at pede. Cras vulputate velit eu sem. Pellentesque ut ipsum ac mi eleifend egestas. Sed pharetra, felis","2023-02-26 20:39:46"),
  (3,3,"rutrum non, hendrerit id, ante. Nunc mauris sapien, cursus in, hendrerit consectetuer, cursus et, magna. Praesent interdum ligula eu enim. Etiam imperdiet dictum magna. Ut tincidunt orci quis lectus. Nullam suscipit, est ac facilisis facilisis, magna tellus faucibus leo, in lobortis tellus justo sit amet nulla. Donec non justo. Proin","2022-10-28 00:23:14"),
  (4,4,"In tincidunt congue turpis. In condimentum. Donec at arcu. Vestibulum ante ipsum primis in faucibus orci luctus et ultrices posuere cubilia Curae Donec tincidunt. Donec vitae erat vel pede blandit congue. In scelerisque scelerisque dui. Suspendisse ac metus vitae velit egestas lacinia. Sed congue, elit sed consequat auctor, nunc nulla","2022-07-05 05:22:57"),
  (5,5,"Aliquam nisl. Nulla eu neque pellentesque massa lobortis ultrices. Vivamus rhoncus. Donec est. Nunc ullamcorper, velit in aliquet lobortis, nisi nibh lacinia orci, consectetuer euismod est arcu ac orci. Ut semper pretium neque. Morbi quis urna. Nunc quis arcu vel quam dignissim pharetra. Nam ac nulla. In tincidunt congue turpis.","2023-05-18 06:54:38"),
  (6,6,"Nullam feugiat placerat velit. Quisque varius. Nam porttitor scelerisque neque. Nullam nisl. Maecenas malesuada fringilla est. Mauris eu turpis. Nulla aliquet. Proin velit. Sed malesuada augue ut lacus. Nulla tincidunt, neque vitae semper egestas, urna justo faucibus lectus, a sollicitudin orci sem eget massa. Suspendisse eleifend. Cras sed leo. Cras","2022-05-10 14:55:18"),
  (7,7,"at augue id ante dictum cursus. Nunc mauris elit, dictum eu, eleifend nec, malesuada ut, sem. Nulla interdum. Curabitur dictum. Phasellus in felis. Nulla tempor augue ac ipsum. Phasellus vitae mauris sit amet lorem semper auctor. Mauris vel turpis. Aliquam adipiscing lobortis risus. In mi pede, nonummy ut, molestie in,","2023-09-24 10:25:32"),
  (8,8,"sit amet massa. Quisque porttitor eros nec tellus. Nunc lectus pede, ultrices a, auctor non, feugiat nec, diam. Duis mi enim, condimentum eget, volutpat ornare, facilisis eget, ipsum. Donec sollicitudin adipiscing ligula. Aenean gravida nunc sed pede. Cum sociis natoque penatibus et magnis dis parturient montes, nascetur ridiculus mus. Proin","2023-09-19 15:55:14"),
  (9,9,"metus. In nec orci. Donec nibh. Quisque nonummy ipsum non arcu. Vivamus sit amet risus. Donec egestas. Aliquam nec enim. Nunc ut erat. Sed nunc est, mollis non, cursus non, egestas a, dui. Cras pellentesque. Sed dictum. Proin eget odio. Aliquam vulputate ullamcorper magna. Sed eu eros. Nam consequat dolor","2023-01-14 14:04:03"),
  (10,10,"Phasellus dapibus quam quis diam. Pellentesque habitant morbi tristique senectus et netus et malesuada fames ac turpis egestas. Fusce aliquet magna a neque. Nullam ut nisi a odio semper cursus. Integer mollis. Integer tincidunt aliquam arcu. Aliquam ultrices iaculis odio. Nam interdum enim non nisi. Aenean eget metus. In nec","2022-10-29 23:28:15"),
  (11,11,"Integer vitae nibh. Donec est mauris, rhoncus id, mollis nec, cursus a, enim. Suspendisse aliquet, sem ut cursus luctus, ipsum leo elementum sem, vitae aliquam eros turpis non enim. Mauris quis turpis vitae purus gravida sagittis. Duis gravida. Praesent eu nulla at sem molestie sodales. Mauris blandit enim consequat purus.","2022-07-30 13:19:46"),
  (12,12,"metus. In nec orci. Donec nibh. Quisque nonummy ipsum non arcu. Vivamus sit amet risus. Donec egestas. Aliquam nec enim. Nunc ut erat. Sed nunc est, mollis non, cursus non, egestas a, dui. Cras pellentesque. Sed dictum. Proin eget odio. Aliquam vulputate ullamcorper magna. Sed eu eros. Nam consequat dolor","2023-09-26 08:45:46"),
  (13,13,"risus. Morbi metus. Vivamus euismod urna. Nullam lobortis quam a felis ullamcorper viverra. Maecenas iaculis aliquet diam. Sed diam lorem, auctor quis, tristique ac, eleifend vitae, erat. Vivamus nisi. Mauris nulla. Integer urna. Vivamus molestie dapibus ligula. Aliquam erat volutpat. Nulla dignissim. Maecenas ornare egestas ligula. Nullam feugiat placerat velit.","2023-01-03 21:04:42"),
  (14,14,"consequat enim diam vel arcu. Curabitur ut odio vel est tempor bibendum. Donec felis orci, adipiscing non, luctus sit amet, faucibus ut, nulla. Cras eu tellus eu augue porttitor interdum. Sed auctor odio a purus. Duis elementum, dui quis accumsan convallis, ante lectus convallis est, vitae sodales nisi magna sed","2023-07-31 08:20:44"),
  (15,15,"a feugiat tellus lorem eu metus. In lorem. Donec elementum, lorem ut aliquam iaculis, lacus pede sagittis augue, eu tempor erat neque non quam. Pellentesque habitant morbi tristique senectus et netus et malesuada fames ac turpis egestas. Aliquam fringilla cursus purus. Nullam scelerisque neque sed sem egestas blandit. Nam nulla","2023-08-11 18:46:00"),
  (16,16,"augue. Sed molestie. Sed id risus quis diam luctus lobortis. Class aptent taciti sociosqu ad litora torquent per conubia nostra, per inceptos hymenaeos. Mauris ut quam vel sapien imperdiet ornare. In faucibus. Morbi vehicula. Pellentesque tincidunt tempus risus. Donec egestas. Duis ac arcu. Nunc mauris. Morbi non sapien molestie orci","2022-07-24 14:48:19"),
  (17,17,"dolor. Donec fringilla. Donec feugiat metus sit amet ante. Vivamus non lorem vitae odio sagittis semper. Nam tempor diam dictum sapien. Aenean massa. Integer vitae nibh. Donec est mauris, rhoncus id, mollis nec, cursus a, enim. Suspendisse aliquet, sem ut cursus luctus, ipsum leo elementum sem, vitae aliquam eros turpis","2022-06-20 22:52:52"),
  (18,18,"molestie sodales. Mauris blandit enim consequat purus. Maecenas libero est, congue a, aliquet vel, vulputate eu, odio. Phasellus at augue id ante dictum cursus. Nunc mauris elit, dictum eu, eleifend nec, malesuada ut, sem. Nulla interdum. Curabitur dictum. Phasellus in felis. Nulla tempor augue ac ipsum. Phasellus vitae mauris sit","2023-11-16 13:53:37"),
  (19,19,"eu dui. Cum sociis natoque penatibus et magnis dis parturient montes, nascetur ridiculus mus. Aenean eget magna. Suspendisse tristique neque venenatis lacus. Etiam bibendum fermentum metus. Aenean sed pede nec ante blandit viverra. Donec tempus, lorem fringilla ornare placerat, orci lacus vestibulum lorem, sit amet ultricies sem magna nec quam.","2023-12-19 23:32:28"),
  (20,20,"mauris. Morbi non sapien molestie orci tincidunt adipiscing. Mauris molestie pharetra nibh. Aliquam ornare, libero at auctor ullamcorper, nisl arcu iaculis enim, sit amet ornare lectus justo eu arcu. Morbi sit amet massa. Quisque porttitor eros nec tellus. Nunc lectus pede, ultrices a, auctor non, feugiat nec, diam. Duis mi","2023-03-12 20:25:25"),
  (21,21,"vel, mauris. Integer sem elit, pharetra ut, pharetra sed, hendrerit a, arcu. Sed et libero. Proin mi. Aliquam gravida mauris ut mi. Duis risus odio, auctor vitae, aliquet nec, imperdiet nec, leo. Morbi neque tellus, imperdiet non, vestibulum nec, euismod in, dolor. Fusce feugiat. Lorem ipsum dolor sit amet, consectetuer","2022-11-19 14:17:38"),
  (22,22,"ullamcorper. Duis at lacus. Quisque purus sapien, gravida non, sollicitudin a, malesuada id, erat. Etiam vestibulum massa rutrum magna. Cras convallis convallis dolor. Quisque tincidunt pede ac urna. Ut tincidunt vehicula risus. Nulla eget metus eu erat semper rutrum. Fusce dolor quam, elementum at, egestas a, scelerisque sed, sapien. Nunc","2023-12-08 18:56:08"),
  (23,23,"Mauris eu turpis. Nulla aliquet. Proin velit. Sed malesuada augue ut lacus. Nulla tincidunt, neque vitae semper egestas, urna justo faucibus lectus, a sollicitudin orci sem eget massa. Suspendisse eleifend. Cras sed leo. Cras vehicula aliquet libero. Integer in magna. Phasellus dolor elit, pellentesque a, facilisis non, bibendum sed, est.","2022-09-14 07:46:24"),
  (24,24,"mauris erat eget ipsum. Suspendisse sagittis. Nullam vitae diam. Proin dolor. Nulla semper tellus id nunc interdum feugiat. Sed nec metus facilisis lorem tristique aliquet. Phasellus fermentum convallis ligula. Donec luctus aliquet odio. Etiam ligula tortor, dictum eu, placerat eget, venenatis a, magna. Lorem ipsum dolor sit amet, consectetuer adipiscing","2022-12-19 01:17:13"),
  (25,25,"Nunc commodo auctor velit. Aliquam nisl. Nulla eu neque pellentesque massa lobortis ultrices. Vivamus rhoncus. Donec est. Nunc ullamcorper, velit in aliquet lobortis, nisi nibh lacinia orci, consectetuer euismod est arcu ac orci. Ut semper pretium neque. Morbi quis urna. Nunc quis arcu vel quam dignissim pharetra. Nam ac nulla.","2022-06-27 01:57:49");

INSERT INTO negocios_estaciones (id_negocio,id_estacion,nombre_negocio,tipo_negocio)
VALUES
  (1,1,"hendrerit neque.","Ecommerce"),
  (2,1,"eu eros.","Ecommerce"),
  (3,1,"Morbi","Publicidad"),
  (4,2,"Curae Donec","Distribiudor"),
  (5,2,"massa. Suspendisse","Publicidad"),
  (6,2,"ipsum","Fabricante"),
  (7,3,"mattis velit justo","Fabricante"),
  (8,3,"In","Fabricante"),
  (9,3,"penatibus et","Publicidad"),
  (10,4,"dis","Distribiudor"),
  (11,4,"pede et risus.","Franquicias"),
  (12,4,"senectus","Fabricante"),
  (13,5,"tristique pharetra.","Distribiudor"),
  (14,5,"ullamcorper eu,","Franquicias"),
  (15,5,"lacus. Mauris non","Agregador"),
  (16,6,"velit. Aliquam","Ecommerce"),
  (17,6,"convallis dolor.","Distribiudor"),
  (18,6,"aliquet molestie","Distribiudor"),
  (19,7,"urna et arcu","Fabricante"),
  (20,7,"urna justo","Agregador"),
  (21,7,"non","Publicidad"),
  (22,8,"lorem, vehicula et,","Distribiudor"),
  (23,8,"tristique ac,","Distribiudor"),
  (24,8,"velit. Aliquam","Fabricante"),
  (25,9,"viverra. Donec","Franquicias"),
  (26,9,"dolor","Fabricante"),
  (27,9,"Nulla aliquet.","Ecommerce"),
  (28,10,"commodo ipsum.","Fabricante"),
  (29,10,"Donec dignissim magna","Distribiudor"),
  (30,11,"eu","Publicidad"),
  (31,11,"sit amet","Fabricante"),
  (32,11,"Pellentesque habitant","Ecommerce"),
  (33,12,"In","Fabricante"),
  (34,12,"nisi nibh lacinia","Publicidad"),
  (35,12,"nunc risus","Ecommerce"),
  (36,13,"Donec vitae erat","Franquicias"),
  (37,13,"ac risus. Morbi","Agregador"),
  (38,13,"Donec nibh. Quisque","Publicidad"),
  (39,14,"et nunc.","Distribiudor"),
  (40,14,"dignissim. Maecenas ornare","Franquicias"),
  (41,14,"arcu. Aliquam ultrices","Franquicias"),
  (42,15,"tincidunt congue","Publicidad"),
  (43,15,"risus.","Fabricante"),
  (44,15,"erat eget","Fabricante"),
  (45,16,"non, bibendum sed,","Distribiudor"),
  (46,16,"Curabitur massa.","Publicidad"),
  (47,16,"non, lobortis","Fabricante"),
  (48,17,"Sed","Ecommerce"),
  (49,17,"luctus, ipsum","Fabricante"),
  (50,17,"orci","Publicidad"),
  (51,18,"mi lorem, vehicula","Franquicias"),
  (52,18,"neque. Sed","Fabricante"),
  (53,18,"eu, eleifend","Franquicias"),
  (54,19,"laoreet ipsum.","Agregador"),
  (55,19,"erat. Etiam","Ecommerce"),
  (56,19,"faucibus","Franquicias"),
  (57,20,"et pede.","Fabricante"),
  (58,20,"diam","Distribiudor"),
  (59,20,"amet diam","Ecommerce"),
  (60,21,"id sapien.","Publicidad"),
  (61,21,"parturient montes, nascetur","Distribiudor"),
  (62,21,"eget magna. Suspendisse","Franquicias"),
  (63,22,"dignissim pharetra. Nam","Distribiudor"),
  (64,22,"pellentesque","Publicidad"),
  (65,22,"Aenean","Agregador"),
  (66,23,"neque pellentesque","Fabricante"),
  (67,23,"in, dolor. Fusce","Publicidad"),
  (68,23,"sit amet, faucibus","Agregador"),
  (69,24,"ac mattis","Publicidad"),
  (70,24,"ipsum dolor","Distribiudor"),
  (71,24,"faucibus","Distribiudor"),
  (72,25,"id nunc","Franquicias"),
  (73,25,"viverra. Maecenas iaculis","Franquicias"),
  (74,25,"lacinia. Sed congue,","Publicidad"),
  (75,26,"pellentesque.","Franquicias"),
  (76,26,"ac metus vitae","Franquicias"),
  (77,26,"felis","Franquicias"),
  (78,27,"ut ipsum","Fabricante"),
  (79,27,"ultrices","Franquicias"),
  (80,27,"vulputate mauris","Distribiudor"),
  (81,28,"pede.","Ecommerce"),
  (82,28,"tortor. Integer aliquam","Franquicias"),
  (83,28,"eu","Publicidad"),
  (84,29,"malesuada fames","Agregador"),
  (85,29,"Phasellus","Publicidad"),
  (86,29,"amet, consectetuer adipiscing","Fabricante"),
  (87,30,"mi tempor","Franquicias"),
  (88,30,"tincidunt adipiscing. Mauris","Franquicias"),
  (89,30,"erat. Sed","Distribiudor"),
  (90,9,"elit, dictum eu,","Distribiudor");

INSERT INTO mantenimiento_trenes (id_mantenimiento_tren,id_tren,id_empleado,fecha_mantenimiento,descripcion_mantenimiento,tipo_mantenimiento)
VALUES
  (1,1,88,"2022-10-24 ","Sed auctor odio a purus. Duis elementum, dui quis accumsan convallis, ante lectus convallis est, vitae sodales nisi magna sed dui. Fusce aliquam, enim nec tempus scelerisque,","Programado"),
  (2,3,77,"2022-11-01 ","mi pede, nonummy ut, molestie in, tempus eu, ligula. Aenean euismod mauris eu elit. Nulla facilisi. Sed neque. Sed eget lacus. Mauris non dui nec","Predictivo"),
  (3,4,95,"2023-01-24 ","augue ut lacus. Nulla tincidunt, neque vitae semper egestas, urna justo faucibus lectus, a sollicitudin orci sem eget massa. Suspendisse eleifend. Cras","Correctivo"),
  (4,5,50,"2022-03-27 ","Cras vulputate velit eu sem. Pellentesque ut ipsum ac mi eleifend egestas. Sed pharetra, felis eget varius ultrices, mauris ipsum porta elit, a feugiat tellus","Predictivo"),
  (5,7,53,"2022-03-31 ","dictum. Proin eget odio. Aliquam vulputate ullamcorper magna. Sed eu eros. Nam consequat dolor vitae dolor. Donec fringilla. Donec feugiat metus sit amet ante.","Programado"),
  (6,8,46,"2023-02-05 ","sed turpis nec mauris blandit mattis. Cras eget nisi dictum augue malesuada malesuada. Integer id magna et ipsum cursus vestibulum. Mauris magna. Duis dignissim","Programado"),
  (7,12,16,"2022-05-27 ","Praesent eu nulla at sem molestie sodales. Mauris blandit enim consequat purus. Maecenas libero est, congue a, aliquet vel, vulputate eu, odio. Phasellus at","Correctivo"),
  (8,14,11,"2022-07-19 ","In nec orci. Donec nibh. Quisque nonummy ipsum non arcu. Vivamus sit amet risus. Donec egestas. Aliquam nec enim. Nunc ut erat. Sed nunc est, mollis","Correctivo"),
  (9,18,15,"2022-04-07 ","mus. Donec dignissim magna a tortor. Nunc commodo auctor velit. Aliquam nisl. Nulla eu neque pellentesque massa lobortis ultrices. Vivamus rhoncus. Donec est. Nunc ullamcorper, velit","Programado"),
  (10,20,2,"2022-11-29 ","risus, at fringilla purus mauris a nunc. In at pede. Cras vulputate velit eu sem. Pellentesque ut ipsum ac mi eleifend egestas. Sed pharetra, felis eget varius ultrices,","Programado");

INSERT INTO mantenimiento_estaciones (id_mantenimiento_estacion,id_empleado,id_estacion,fecha_mantenimiento,descripcion_mantenimiento,tipo_mantenimiento)
VALUES
  (1,36,12,"2022-04-24 ","interdum feugiat. Sed nec metus facilisis lorem tristique aliquet. Phasellus fermentum convallis ligula. Donec luctus aliquet odio. Etiam ligula tortor, dictum eu,","Edificios"),
  (2,46,16,"2022-11-25 ","sed, est. Nunc laoreet lectus quis massa. Mauris vestibulum, neque sed dictum eleifend, nunc risus varius orci, in consequat enim","Iluminación"),
  (3,23,8,"2022-07-08 ","dictum. Phasellus in felis. Nulla tempor augue ac ipsum. Phasellus vitae mauris sit amet lorem semper auctor. Mauris vel turpis. Aliquam adipiscing lobortis risus. In mi","Edificios"),
  (4,27,9,"2022-10-12 ","augue ut lacus. Nulla tincidunt, neque vitae semper egestas, urna justo faucibus lectus, a sollicitudin orci sem eget massa. Suspendisse eleifend. Cras sed leo.","Calefacción"),
  (5,29,10,"2022-08-07 ","mauris sagittis placerat. Cras dictum ultricies ligula. Nullam enim. Sed nulla ante, iaculis nec, eleifend non, dapibus rutrum, justo. Praesent luctus.","Calefacción"),
  (6,32,11,"2022-06-15 ","nibh. Phasellus nulla. Integer vulputate, risus a ultricies adipiscing, enim mi tempor lorem, eget mollis lectus pede et risus. Quisque libero lacus, varius","Edificios"),
  (7,19,7,"2022-07-09 ","vitae mauris sit amet lorem semper auctor. Mauris vel turpis. Aliquam adipiscing lobortis risus. In mi pede, nonummy ut, molestie in, tempus eu,","Eléctricos"),
  (8,16,6,"2022-10-15 ","purus. Nullam scelerisque neque sed sem egestas blandit. Nam nulla magna, malesuada vel, convallis in, cursus et, eros. Proin ultrices. Duis volutpat nunc sit amet","Calefacción"),
  (9,55,19,"2022-09-19 ","cubilia Curae Donec tincidunt. Donec vitae erat vel pede blandit congue. In scelerisque scelerisque dui. Suspendisse ac metus vitae velit","Calefacción"),
  (10,61,21,"2022-11-03 ","gravida sit amet, dapibus id, blandit at, nisi. Cum sociis natoque penatibus et magnis dis parturient montes, nascetur ridiculus mus. Proin vel nisl. Quisque fringilla euismod enim.","Iluminación");



INSERT INTO descuento_nacimiento_pasajeros (id_descuento,id_pasajero,porcentaje_descuento)
VALUES
  (1,1,58),
  (2,2,51),
  (3,3,68),
  (4,4,58),
  (5,5,57),
  (6,6,51),
  (7,7,53),
  (8,8,69),
  (9,9,54),
  (10,10,55),
  (11,11,70),
  (12,12,69),
  (13,13,57),
  (14,14,64),
  (15,15,59),
  (16,16,70),
  (17,17,70),
  (18,18,53),
  (19,19,59),
  (20,20,51),
  (21,21,54),
  (22,22,60),
  (23,23,70),
  (24,24,60),
  (25,25,59),
  (26,26,53),
  (27,27,51),
  (28,28,57),
  (29,29,60),
  (30,30,56),
  (31,31,68),
  (32,32,65),
  (33,33,51),
  (34,34,64),
  (35,35,61),
  (36,36,67),
  (37,37,55),
  (38,38,55),
  (39,39,57),
  (40,40,70),
  (41,41,69),
  (42,42,53),
  (43,43,56),
  (44,44,57),
  (45,45,59),
  (46,46,52),
  (47,47,56),
  (48,48,70),
  (49,49,64),
  (50,50,68),
  (51,51,58),
  (52,52,64),
  (53,53,63),
  (54,54,51),
  (55,55,55),
  (56,56,63),
  (57,57,54),
  (58,58,60),
  (59,59,68),
  (60,60,60),
  (61,61,54),
  (62,62,66),
  (63,63,50),
  (64,64,63),
  (65,65,66),
  (66,66,53),
  (67,67,68),
  (68,68,58),
  (69,69,55),
  (70,70,63),
  (71,71,51),
  (72,72,59),
  (73,73,56),
  (74,74,64),
  (75,75,55),
  (76,76,51),
  (77,77,55),
  (78,78,57),
  (79,79,59),
  (80,80,59),
  (81,81,63),
  (82,82,70),
  (83,83,58),
  (84,84,55),
  (85,85,66),
  (86,86,63),
  (87,87,58),
  (88,88,56),
  (89,89,68),
  (90,90,56),
  (91,91,66),
  (92,92,55),
  (93,93,67),
  (94,94,57),
  (95,95,59),
  (96,96,54),
  (97,97,57),
  (98,98,51),
  (99,99,58),
  (100,100,57);


